Country,Cases,Deaths,ReCovered,Death_Rate,Recovery_Rate,Risk_Level
Afghanistan,234174,7996,211080,3.414554989025255,90.13810243664967,Medium Risk
Albania,334863,3605,330233,1.0765596676849936,98.61734500377767,Low Risk
Algeria,272010,6881,183061,2.5296864085879194,67.2993639939708,Medium Risk
Andorra,48015,165,0,0.3436426116838488,0.0,Low Risk
Angola,107327,1937,103419,1.804764877430656,96.358791357254,Low Risk
Anguilla,3904,12,0,0.3073770491803279,0.0,Low Risk
Antigua and Barbuda,9106,146,8954,1.6033384581594552,98.33077092027234,Low Risk
Argentina,10128845,130841,9997258,1.2917662379076786,98.70086865777886,Low Risk
Armenia,451831,8777,435162,1.9425404631377663,96.31078876836693,Low Risk
Aruba,44224,292,42438,0.66027496382055,95.96146888567294,Low Risk
Australia,11853144,24414,11820014,0.20597066904780706,99.72049609791293,Low Risk
Austria,6081287,22542,6054934,0.3706781146819744,99.56665422960633,Low Risk
Azerbaijan,835234,10400,824089,1.2451600389830875,98.66564340053206,Low Risk
Bahamas,38084,844,36366,2.2161537653607817,95.4889192311732,Medium Risk
Bahrain,729549,1574,727915,0.2157497303128371,99.7760260105901,Low Risk
Bangladesh,2049377,29493,0,1.4391202789921036,0.0,Low Risk
Barbados,110578,648,108647,0.5860116840601204,98.25372135506159,Low Risk
Belarus,994037,7118,985592,0.7160699249625517,99.1504340381696,Low Risk
Belgium,4861695,34376,4826798,0.7070784983426562,99.28220507456761,Low Risk
Belize,71409,688,0,0.9634639891330226,0.0,Low Risk
Benin,28036,163,27847,0.5813953488372093,99.3258667427593,Low Risk
Bermuda,18860,165,18685,0.8748674443266171,99.07211028632025,Low Risk
Bhutan,62697,21,61564,0.03349442557060146,98.19289599183374,Low Risk
Bolivia,1212131,22407,1177145,1.8485625728572244,97.11367830704766,Low Risk
Bosnia,403615,16388,379084,4.060304993620158,93.92217831349183,Medium Risk
Botswana,330638,2801,327049,0.8471500553475403,98.91452283161645,Low Risk
Brazil,38743918,711380,36249161,1.8361075408016299,93.56090677251588,Low Risk
British Virgin Islands,7392,64,0,0.8658008658008658,0.0,Low Risk
Brunei,343719,225,243601,0.06546044879683695,70.87213683270346,Low Risk
Bulgaria,1339851,38748,1292944,2.891963360104967,96.49908833146372,Medium Risk
Burkina Faso,22114,400,21596,1.8088088993397848,97.65759247535499,Low Risk
Burundi,54721,38,53569,0.06944317538056688,97.8947753147786,Low Risk
Cabo Verde,64477,417,63755,0.6467422491741242,98.88022085394792,Low Risk
Cambodia,139103,3056,136044,2.196933207766907,97.80091011696369,Medium Risk
Cameroon,125379,1974,123280,1.5744263393391238,98.32587594413738,Low Risk
Canada,4946090,59034,4881312,1.1935488436320407,98.69031901967008,Low Risk
Caribbean Netherlands,11682,38,10476,0.32528676596473205,89.6764252696456,Low Risk
Cayman Islands,31472,37,8553,0.1175648195221149,27.17653787493645,Low Risk
Central African Republic,15440,113,15200,0.7318652849740932,98.44559585492227,Low Risk
Chad,7701,194,4874,2.519153356706921,63.290481755616156,Medium Risk
Channel Islands,101717,228,101321,0.22415132180461478,99.61068454633936,Low Risk
Chile,5384853,64497,5252450,1.1977485736379432,97.54119564638069,Low Risk
China,503302,5272,379053,1.0474824260583109,75.31323141970428,Low Risk
Colombia,6400173,143200,6212152,2.2374395192129963,97.06225128601993,Medium Risk
Comoros,9109,161,8939,1.7674827094082777,98.13371390932045,Low Risk
Congo,25375,386,24006,1.5211822660098522,94.60492610837439,Low Risk
Cook Islands,7203,2,7150,0.027766208524226017,99.264195474108,Low Risk
Costa Rica,1238883,9428,0,0.7610081016528599,0.0,Low Risk
Croatia,1309728,18687,1258432,1.4267847980649417,96.08346160424149,Low Risk
Cuba,1115251,8530,1106660,0.7648502444741139,99.22968013478581,Low Risk
Curaçao,45986,295,44720,0.6414995868307746,97.2469882138042,Low Risk
Cyprus,681110,1365,679745,0.20040815727268724,99.79959184272731,Low Risk
Czechia,4759041,43517,4715206,0.914406915174717,99.07891106632619,Low Risk
Côte d'Ivoire,88384,835,87497,0.9447411296162201,98.99642469225199,Low Risk
DRC,99338,1468,84489,1.4777829229499284,85.05204453482051,Low Risk
Denmark,3183756,8814,3174942,0.27684282338219385,99.7231571766178,Low Risk
Diamond Princess,712,13,699,1.8258426966292134,98.17415730337079,Low Risk
Djibouti,15690,189,15427,1.2045889101338432,98.32377310388782,Low Risk
Dominica,16038,74,15964,0.46140416510786886,99.53859583489213,Low Risk
Dominican Republic,675890,4384,671316,0.6486262557516755,99.3232626610839,Low Risk
Ecuador,1070188,36043,1034145,3.3679129274482613,96.63208707255174,Medium Risk
Egypt,516023,24613,442182,4.769748635235251,85.69036651467086,Medium Risk
El Salvador,201855,4230,179410,2.0955636471724755,88.88063213692998,Medium Risk
Equatorial Guinea,17229,183,16907,1.062162632770329,98.1310580997156,Low Risk
Eritrea,10189,103,10086,1.0108941014819903,98.98910589851802,Low Risk
Estonia,628070,3001,0,0.4778129826293247,0.0,Low Risk
Ethiopia,501157,7574,488171,1.5113028452161696,97.40879604594967,Low Risk
Falkland Islands (Malvinas),1930,0,1930,0.0,100.0,Low Risk
Faroe Islands,34658,28,0,0.08078942812626233,0.0,Low Risk
Fiji,69117,885,67226,1.2804375189895394,97.26405949332292,Low Risk
Finland,1516117,11958,1503989,0.7887254083952624,99.20006173666016,Low Risk
France,40138560,167642,39970918,0.41765823188475126,99.58234176811524,Low Risk
French Guiana,98041,420,11254,0.42839220326190064,11.478871084546261,Low Risk
French Polynesia,79254,650,0,0.8201478789714084,0.0,Low Risk
Gabon,49051,307,48674,0.6258791869686653,99.2314122036248,Low Risk
Gambia,12626,372,12189,2.946301283066688,96.53888800887059,Medium Risk
Georgia,1861665,17132,0,0.9202514953012492,0.0,Low Risk
Germany,38828995,183027,38240600,0.47136682265405017,98.4846504525806,Low Risk
Ghana,171889,1462,170425,0.8505489007440848,99.14828755766803,Low Risk
Gibraltar,20550,113,0,0.5498783454987834,0.0,Low Risk
Greece,6101379,37869,0,0.6206629681585097,0.0,Low Risk
Greenland,11971,21,2761,0.1754239411912121,23.06407150613984,Low Risk
Grenada,19693,238,19358,1.2085512618696999,98.29888792972122,Low Risk
Guadeloupe,203235,1021,0,0.5023740989494919,0.0,Low Risk
Guatemala,1291293,20289,1269891,1.571215827856265,98.34259149550103,Low Risk
Guinea,38572,468,37757,1.2133153582909884,97.8870683397283,Low Risk
Guinea-Bissau,9614,177,8929,1.841065113376326,92.87497399625546,Low Risk
Guyana,74137,1300,72013,1.7535103929212135,97.13503378879642,Low Risk
Haiti,34667,860,33734,2.4807453774482937,97.30867972423341,Medium Risk
Holy See (Vatican City State),29,0,29,0.0,100.0,Low Risk
Honduras,474590,11165,0,2.3525569438884086,0.0,Medium Risk
Hong Kong,2937609,14924,2916005,0.5080322125919413,99.2645719699252,Low Risk
Hungary,2230232,49048,2152155,2.1992330842710532,96.49915345130013,Medium Risk
Iceland,209906,229,0,0.10909645269787428,0.0,Low Risk
India,45035393,533570,0,1.1847792690517878,0.0,Low Risk
Indonesia,6829221,162063,6647104,2.373081790734258,97.33326831859739,Medium Risk
Iran,7627186,146811,0,1.9248383348721272,0.0,Low Risk
Iraq,2465545,25375,2439497,1.029184216876999,98.9435195869473,Low Risk
Ireland,1734582,9491,1724921,0.5471635241228145,99.44303584379406,Low Risk
Isle of Man,38008,116,0,0.3051989054935803,0.0,Low Risk
Israel,4841772,12707,4798473,0.262445236991746,99.10571997194415,Low Risk
Italy,26723249,196487,26361218,0.7352661347428225,98.64525829175936,Low Risk
Jamaica,156869,3756,0,2.394354525113311,0.0,Medium Risk
Japan,33803572,74694,0,0.2209648140143296,0.0,Low Risk
Jordan,1746997,14122,1731007,0.8083585718807761,99.08471508537221,Low Risk
Kazakhstan,1411831,13848,1383020,0.9808539407336997,97.95931666042182,Low Risk
Kenya,344130,5689,337309,1.6531543312120418,98.01790021212913,Low Risk
Kiribati,5085,24,2703,0.471976401179941,53.15634218289086,Low Risk
Kuwait,667158,2570,0,0.3852160957374415,0.0,Low Risk
Kyrgyzstan,206897,2991,196406,1.44564686776512,94.92936098638452,Low Risk
Lao People's Democratic Republic,218970,758,0,0.3461661414805681,0.0,Low Risk
Latvia,982505,6715,971406,0.6834570816433504,98.87033653772754,Low Risk
Lebanon,1243838,10952,1087587,0.8805005153404221,87.4379943368831,Low Risk
Lesotho,36138,723,25980,2.0006641208699985,71.89108417732028,Medium Risk
Liberia,8090,295,7783,3.646477132262052,96.20519159456119,Medium Risk
Libyan Arab Jamahiriya,507274,6437,500835,1.268939468610652,98.73066626714557,Low Risk
Liechtenstein,21574,94,0,0.4357096505052378,0.0,Low Risk
Lithuania,1397806,9897,1387478,0.7080381683867433,99.26112779598886,Low Risk
Luxembourg,391232,1232,0,0.31490266644855225,0.0,Low Risk
MS Zaandam,9,2,7,22.22222222222222,77.77777777777779,High Risk
Macao,27673,123,3487,0.44447656560546384,12.600729953384166,Low Risk
Macedonia,350567,9976,337068,2.84567571961993,96.14938086014942,Medium Risk
Madagascar,68486,1426,66862,2.082177379318401,97.62871243757849,Medium Risk
Malawi,89535,2686,0,2.9999441559166806,0.0,Medium Risk
Malaysia,5278406,37348,5233268,0.7075620935562744,99.14485547341376,Low Risk
Maldives,186694,316,163687,0.16926092964958703,87.67662592263275,Low Risk
Mali,33164,743,32332,2.2403811361717527,97.49125557833796,Medium Risk
Malta,121420,885,120149,0.7288749794103113,98.95322022731017,Low Risk
Marshall Islands,16138,17,16121,0.10534143016482836,99.89465856983517,Low Risk
Martinique,230354,1102,0,0.4783941238268057,0.0,Low Risk
Mauritania,63848,997,62471,1.561521112642526,97.84331537401329,Low Risk
Mauritius,43025,1051,41278,2.442765833817548,95.93957001743173,Medium Risk
Mayotte,42027,188,0,0.44733147738358675,0.0,Low Risk
Mexico,7702809,334958,6899865,4.348517534317676,89.57595858861357,Medium Risk
Micronesia,26547,65,0,0.24484875880513807,0.0,Low Risk
Moldova,635145,12218,0,1.9236552283336876,0.0,Low Risk
Monaco,17181,67,0,0.3899656597404109,0.0,Low Risk
Mongolia,1011496,2284,1009212,0.22580415542918608,99.77419584457081,Low Risk
Montenegro,296542,2846,291794,0.9597291446068348,98.39887773064187,Low Risk
Montserrat,1403,8,1376,0.5702066999287242,98.07555238774056,Low Risk
Morocco,1278992,16303,0,1.2746756820996534,0.0,Low Risk
Mozambique,233731,2250,228805,0.9626450920074787,97.8924490118983,Low Risk
Myanmar,641873,19495,620159,3.0372051792176955,96.61708780397367,Medium Risk
N. Korea,4772813,74,4772739,0.0015504483414707426,99.99844955165852,Low Risk
Namibia,172389,4106,167099,2.381822506076374,96.93135872938528,Medium Risk
Nauru,5393,1,5347,0.018542555164101613,99.14704246245132,Low Risk
Nepal,1003450,12031,991322,1.1989635756639594,98.79136977427873,Low Risk
Netherlands,8635786,22992,8612599,0.2662409652115048,99.73150098902404,Low Risk
New Caledonia,80064,314,0,0.3921862509992006,0.0,Low Risk
New Zealand,2621111,5697,2613791,0.21735058149006278,99.72072911067102,Low Risk
Nicaragua,18491,225,4225,1.2168081769509491,22.848953544967824,Low Risk
Niger,9931,312,8890,3.141677575269359,89.51767193636088,Medium Risk
Nigeria,267188,3155,259953,1.1808165037351976,97.2921688099765,Low Risk
Niue,1059,0,1056,0.0,99.71671388101983,Low Risk
Norway,1509732,6638,1503094,0.43968068504873714,99.56031931495126,Low Risk
Oman,399449,4628,0,1.1585959659430867,0.0,Low Risk
Pakistan,1581936,30664,1538689,1.9383843594178274,97.26619787399743,Low Risk
Palau,6290,10,6276,0.1589825119236884,99.77742448330683,Low Risk
Palestine,621008,5404,615445,0.8701981294926957,99.10419833560921,Low Risk
Panama,1059893,8727,1051102,0.8233850020709638,99.17057665254889,Low Risk
Papua New Guinea,46864,670,46168,1.4296688289518606,98.51485148514851,Low Risk
Paraguay,837602,20155,0,2.4062741015422597,0.0,Medium Risk
Peru,4572667,222161,4350506,4.858455688988505,95.1415443110115,Medium Risk
Philippines,4140383,66864,4067381,1.6149230638808052,98.23682978120624,Low Risk
Poland,6661991,120598,0,1.8102396115515618,0.0,Low Risk
Portugal,5643062,28126,5614809,0.4984173485954965,99.49933210019667,Low Risk
Qatar,514524,690,513687,0.1341045315670406,99.83732537257737,Low Risk
Romania,3529735,68929,3460149,1.9528094885310088,98.02857721613663,Low Risk
Russia,24124215,402756,23545818,1.6695092462075969,97.60242146739283,Low Risk
Rwanda,133518,1468,132039,1.0994772240446982,98.89228418640184,Low Risk
Réunion,494595,921,0,0.18621296212052285,0.0,Low Risk
S. Korea,34571873,35934,34535939,0.10393998612687255,99.89606001387313,Low Risk
Saint Helena,2166,0,2,0.0,0.09233610341643582,Low Risk
Saint Kitts and Nevis,6607,48,6559,0.7265021946420462,99.27349780535796,Low Risk
Saint Lucia,30215,410,29805,1.3569419162667549,98.64305808373325,Low Risk
Saint Martin,12324,63,0,0.5111976630963972,0.0,Low Risk
Saint Pierre Miquelon,3452,2,2449,0.057937427578215524,70.94438006952491,Low Risk
Saint Vincent and the Grenadines,9674,124,9493,1.281786231135001,98.1290055819723,Low Risk
Samoa,17006,31,1605,0.18228860402210986,9.43784546630601,Low Risk
San Marino,26185,128,26011,0.488829482528165,99.33549742218828,Low Risk
Sao Tome and Principe,6778,80,6685,1.1802891708468575,98.62791383889052,Low Risk
Saudi Arabia,841469,9646,0,1.1463286229201552,0.0,Low Risk
Senegal,89053,1971,87024,2.213288715708623,97.72158153010005,Medium Risk
Serbia,2615054,18057,2596608,0.6905019934578789,99.29462259670355,Low Risk
Seychelles,51220,172,51048,0.3358063256540414,99.66419367434595,Low Risk
Sierra Leone,7779,126,0,1.619745468569225,0.0,Low Risk
Singapore,3006155,2024,3004131,0.06732853096397225,99.93267146903602,Low Risk
Sint Maarten,11051,92,10905,0.8325038458058095,98.67885259252557,Low Risk
Slovakia,1877605,21224,1856381,1.1303761973365005,98.8696238026635,Low Risk
Slovenia,1356546,7100,1349424,0.5233880753030122,99.47499015882985,Low Risk
Solomon Islands,25954,199,0,0.7667411574323804,0.0,Low Risk
Somalia,27334,1361,13182,4.979146850076828,48.225653032852854,Medium Risk
South Africa,4076463,102595,3912506,2.5167651466479644,95.97795932405127,Medium Risk
South Sudan,18819,147,18115,0.7811254583134066,96.25909984590042,Low Risk
Spain,13914811,121760,13762417,0.8750388345195634,98.90480725897032,Low Risk
Sri Lanka,672754,16897,655852,2.5116164303742528,97.48764035591019,Medium Risk
St. Barth,5507,6,0,0.10895224260032686,0.0,Low Risk
Sudan,63993,5046,58947,7.885237447845858,92.11476255215413,High Risk
Suriname,82588,1408,0,1.7048481619605753,0.0,Low Risk
Swaziland,75191,1427,73116,1.8978335173092526,97.2403612134431,Low Risk
Sweden,2754129,27407,2726492,0.9951240482925817,98.99652485413719,Low Risk
Switzerland,4453053,14452,4438309,0.3245413876726821,99.66890131332369,Low Risk
Syrian Arab Republic,57743,3165,54578,5.481183866442685,94.51881613355731,High Risk
Taiwan,10241523,19005,10222518,0.18556810349398228,99.81443189650602,Low Risk
Tajikistan,17786,125,17264,0.7027999550208028,97.06510738783312,Low Risk
Tanzania,43223,846,0,1.957291256969669,0.0,Low Risk
Thailand,4770149,34586,4692636,0.7250507269269786,98.37504027651967,Low Risk
Timor-Leste,23460,138,23102,0.5882352941176471,98.47399829497017,Low Risk
Togo,39572,290,39281,0.7328414030122309,99.26463155766704,Low Risk
Tokelau,80,0,0,0.0,0.0,Low Risk
Tonga,16950,13,15638,0.07669616519174041,92.25958702064896,Low Risk
Trinidad and Tobago,191496,4390,187078,2.2924760830513433,97.69290220161257,Medium Risk
Tunisia,1153361,29423,0,2.551065971538833,0.0,Medium Risk
Turkey,17232066,102174,0,0.59292948390518,0.0,Low Risk
Turks and Caicos Islands,6752,40,6709,0.5924170616113744,99.36315165876776,Low Risk
Tuvalu,2943,1,0,0.03397893306150187,0.0,Low Risk
UAE,1067030,2349,0,0.2201437635305474,0.0,Low Risk
UK,24910387,232112,24678275,0.9317880127675254,99.06821198723247,Low Risk
USA,111820082,1219487,109814428,1.090579597321347,98.20635617133601,Low Risk
Uganda,172149,3632,100431,2.1098002311950697,58.33957792377533,Medium Risk
Ukraine,5557995,112418,5445577,2.0226358605936134,97.97736413940639,Medium Risk
Uruguay,1041111,7664,1030944,0.7361366847531147,99.02344706760374,Low Risk
Uzbekistan,253662,1637,241486,0.6453469577626921,95.19991169351341,Low Risk
Vanuatu,12019,14,11976,0.11648223645894001,99.64223313087611,Low Risk
Venezuela,552695,5856,546537,1.0595355485394296,98.88582310315816,Low Risk
Vietnam,11625195,43206,10640971,0.37165828186107847,91.53369900461885,Low Risk
Wallis and Futuna,3550,8,438,0.22535211267605634,12.338028169014084,Low Risk
Western Sahara,10,1,9,10.0,90.0,High Risk
Yemen,11945,2159,9124,18.07450816241105,76.38342402678944,High Risk
Zambia,349304,4069,341316,1.1648878913496552,97.7131667544603,Low Risk
Zimbabwe,266359,5740,258888,2.1549863154614637,97.19513889149607,Medium Risk
